neighborhood_id,neighborhood,district,atm_count,atm_accessible_count,bakery_count,bank_count,bank_accessible_count,bike_lane_length_m,bouldering_spot_count,bouldering_accessible_count,bus_stop_count,bus_stop_accessible_count,dental_office_count,dental_office_accessible_count,diplomatic_mission_count,doctor_count,emergency_station_count,police_station_count,fire_station_count,exhibition_center_count,food_market_count,food_market_accessible_count,gallery_count,gallery_accessible_count,gas_station_count,gas_station_electric_count,government_office_count,hospital_count,hospital_accessible_count,hotel_count,hotel_accessible_count,kindergarten_count,kindergarten_capacity,library_count,library_accessible_count,long_term_listing_count,long_term_avg_price_euro,mall_count,mall_accessible_count,milieuschutz_area_ha,museum_count,museum_accessible_count,night_club_count,night_club_accessible_count,parking_space_count,parking_capacity,parking_disabled_capacity,park_area_sq_m,petstore_count,pharmacy_count,pharmacy_accessible_count,playground_area_sq_m,pool_count,public_artwork_count,recycling_point_count,religious_institution_count,religious_institution_accessible_count,research_institute_count,research_institute_accessible_count,school_count,short_term_listing_count,social_club_count,spaeti_count,supermarket_count,theater_count,theater_accessible_count,cinema_count,stage_theater_count,tram_stop_count,tram_stop_accessible_count,transport_station_entrance_count,transport_station_entrance_accessible_count,transport_station_count,transport_station_accessible_count,university_count,university_accessible_count,venue_count,venue_accessible_count,veterinary_clinic_count,vocational_school_count,vocational_school_accessible_count
0401,Charlottenburg,Charlottenburg-Wilmersdorf,54,18,70,21,13,147145.85527773126,0,0,143,113,59,4,12,88,7,3,3,0,12,6,41,2,82,75,21,10,3,102,45,77,647,12,5,81,1501.5555555555557,4,1,0.0,21,7,12,1,7627,33907.0,27.0,789441.5149568536,5,39,24,61142.768476342855,3,93,45,30,10,8,1,24,0,64,88,63,25,8,9,0,18,12,80,16,17,12,9,3,782,162,9,6,0
0406,Charlottenburg-Nord,Charlottenburg-Wilmersdorf,4,0,2,0,0,40413.19648406625,0,0,55,6,1,0,0,2,4,0,4,0,0,0,0,0,4,2,3,0,0,0,0,9,0,1,1,8,449.875,0,0,0.0,1,0,1,0,1600,6642.0,7.0,82656.3928155953,0,3,2,18471.68871565106,1,5,13,3,1,0,0,6,0,8,1,4,0,0,0,0,3,1,9,2,3,1,0,0,9,2,0,0,0
0404,Grunewald,Charlottenburg-Wilmersdorf,0,0,1,2,1,66980.62697729729,1,0,43,1,2,0,25,5,0,0,0,0,0,0,0,0,5,3,3,1,0,7,2,6,0,2,0,10,2821.0,0,0,0.0,1,0,0,0,3314,8844.0,4.0,166516.61154913442,0,1,1,6363.97060760625,6,7,6,3,0,1,0,4,71,8,1,1,1,0,0,0,1,1,0,0,1,1,0,0,18,2,1,1,0
0407,Halensee,Charlottenburg-Wilmersdorf,10,1,9,2,0,12257.866991535488,0,0,18,7,12,0,2,31,0,0,0,0,1,0,0,0,6,4,1,2,0,3,0,11,30,0,0,8,1251.25,0,0,634.4,0,0,1,0,711,3906.0,0.0,20722.40862226482,1,4,4,7203.33936659806,0,6,7,4,0,0,0,1,74,4,7,8,1,0,0,0,1,1,1,0,2,2,0,0,44,6,2,0,0
0403,Schmargendorf,Charlottenburg-Wilmersdorf,2,0,6,4,2,50061.6867083133,0,0,32,3,3,0,8,5,0,0,0,0,1,0,0,0,9,9,2,2,1,2,0,10,310,1,1,17,1356.3529411764705,0,0,0.0,0,0,1,0,2105,9779.0,4.0,45441.374834940216,1,7,2,13535.220541199475,2,3,14,5,2,0,0,7,39,5,7,9,0,0,0,0,0,0,0,0,0,0,0,0,33,8,2,0,0
0405,Westend,Charlottenburg-Wilmersdorf,11,3,10,5,3,129562.19951109006,0,0,84,52,8,0,8,10,3,2,1,3,3,2,0,0,23,15,8,4,2,15,3,23,350,1,0,102,1093.6732673267327,0,0,0.0,3,1,0,0,5346,22471.0,22.0,206049.1112321312,0,12,9,19801.339473344786,2,29,35,12,2,0,0,17,78,24,18,11,2,2,0,0,7,6,14,2,9,8,0,0,73,20,2,1,0
0402,Wilmersdorf,Charlottenburg-Wilmersdorf,20,3,43,6,2,129743.11776118839,0,0,97,52,51,4,6,88,2,1,1,0,9,2,6,1,38,31,20,12,3,47,18,81,98,3,3,66,1406.8333333333333,0,0,0.0,3,0,1,0,6067,27935.0,1.0,213181.37807235625,2,22,15,81031.33164744654,2,31,45,23,7,0,0,35,0,39,37,33,9,3,2,0,11,8,53,9,10,7,4,1,261,53,8,5,2
0201,Friedrichshain,Friedrichshain-Kreuzberg,96,32,72,11,9,117636.67955425559,2,0,85,71,33,5,0,55,5,3,2,0,12,2,17,4,75,75,10,9,4,48,28,77,614,2,2,214,958.7605633802817,3,1,0.0,7,2,28,5,5704,29464.0,12.0,438458.31767905713,2,17,14,124243.84637491406,2,145,83,23,4,0,0,32,0,94,145,50,17,5,7,0,52,32,41,12,8,6,0,0,531,139,6,9,2
0202,Kreuzberg,Friedrichshain-Kreuzberg,115,16,69,9,5,130995.01146603188,3,0,150,123,24,6,2,57,8,4,3,0,10,0,36,5,104,97,19,6,4,51,27,151,344,9,3,148,1005.0540540540541,1,1,1585.8,20,10,18,8,6385,30424.0,18.0,939297.1527695669,2,29,19,131132.7475457394,7,60,102,37,11,0,0,49,0,121,155,57,27,7,6,0,17,9,58,14,15,8,2,0,748,115,3,8,2
1110,Alt-Hohenschönhausen,Lichtenberg,5,2,11,1,1,98856.44081233343,0,0,46,30,3,1,0,10,1,0,1,0,0,0,1,1,20,15,2,2,0,7,3,23,163,0,0,72,746.8055555555555,3,3,0.0,2,0,0,0,4784,19650.0,9.0,442149.0590752716,0,6,5,20108.7085481988,3,8,60,8,2,0,0,13,0,11,9,14,0,0,0,0,39,8,0,0,0,0,0,0,32,9,3,0,0
1104,Falkenberg,Lichtenberg,0,0,0,0,0,14121.720408758101,0,0,11,6,0,0,0,0,1,0,1,0,0,0,0,0,0,0,0,0,0,2,0,2,60,0,0,1,1200.0,0,0,0.0,0,0,0,0,375,857.0,0.0,40351.87744678289,0,0,0,1768.1390863969475,0,0,1,2,1,0,0,1,0,0,0,1,0,0,0,0,0,0,0,0,0,0,0,0,1,0,1,0,0
1111,Fennpfuhl,Lichtenberg,5,2,6,2,1,26336.557197609174,0,0,9,9,1,0,0,8,0,0,0,0,2,0,0,0,6,5,0,4,2,1,1,13,580,1,1,11,826.6363636363636,3,2,0.0,0,0,0,0,1211,8445.0,0.0,384434.5152244602,0,6,5,28847.04432455398,3,25,48,2,1,0,0,8,20,8,4,11,1,1,0,0,14,11,1,0,0,0,0,0,23,10,1,2,1
1101,Friedrichsfelde,Lichtenberg,3,2,11,2,2,59360.24383613507,4,0,50,30,8,4,0,12,0,0,0,0,1,0,0,0,13,11,5,3,3,4,1,21,866,2,1,52,1009.0961538461538,5,3,0.0,1,0,0,0,2047,15211.0,30.0,435248.47216194245,1,10,10,54343.86955031919,1,132,62,3,1,1,0,15,0,10,9,19,2,1,0,0,11,2,8,1,2,2,0,0,30,18,1,0,0
1102,Karlshorst,Lichtenberg,3,2,6,0,0,75795.46383425803,0,0,32,22,8,2,0,16,2,0,2,0,2,0,0,0,9,9,1,3,2,6,2,28,195,1,0,15,884.1333333333333,0,0,0.0,1,1,0,0,2910,12638.0,13.0,427525.5083047392,0,3,3,26373.939805544895,0,10,32,4,1,1,0,7,62,11,2,8,0,0,0,0,14,1,0,0,1,1,2,1,24,8,2,0,0
1103,Lichtenberg,Lichtenberg,2,1,15,1,1,63914.317725395995,1,0,39,8,14,0,0,17,1,0,1,0,1,0,0,0,29,22,9,6,3,6,5,18,857,2,0,9,704.5555555555555,3,2,0.0,4,2,3,0,2256,14394.0,32.0,732737.1373763975,1,6,3,25853.16857011484,0,23,88,5,1,0,0,15,0,20,14,17,2,1,0,0,33,6,9,2,1,1,2,0,50,17,1,2,1
1106,Malchow,Lichtenberg,0,0,0,0,0,5092.801968740647,0,0,6,0,0,0,0,0,0,0,0,0,0,0,0,0,0,0,0,0,0,0,0,1,0,0,0,0,,0,0,0.0,0,0,0,0,95,541.0,0.0,536717.8732378621,0,0,0,925.4115899972921,0,0,1,0,0,0,0,2,0,2,0,0,0,0,0,0,0,0,0,0,0,0,0,0,2,1,0,0,0
1109,Neu-Hohenschönhausen,Lichtenberg,1,1,10,6,4,60986.74012965133,0,0,36,24,3,1,0,5,1,1,0,0,0,0,0,0,6,4,4,2,2,0,0,23,250,1,1,8,720.5,5,2,0.0,0,0,1,0,2868,18198.0,7.0,1019133.0608506558,0,9,6,61890.86822030679,1,17,56,3,1,0,0,13,0,18,7,14,1,1,1,0,22,13,0,0,3,2,0,0,11,4,1,3,2
1112,Rummelsburg,Lichtenberg,8,3,9,1,1,50184.049122004726,1,0,33,27,4,1,0,8,2,2,0,0,2,1,3,2,18,18,3,1,0,11,2,22,210,0,0,14,1104.5714285714287,2,2,322.8,1,0,1,1,1329,7923.0,8.0,128043.99237818028,1,3,2,20629.638470604732,1,10,16,4,1,0,0,3,0,15,19,7,2,1,0,0,13,4,1,1,4,2,0,0,43,6,0,3,0
1107,Wartenberg,Lichtenberg,0,0,0,0,0,32138.082342082256,0,0,13,0,0,0,0,0,1,0,1,0,0,0,0,0,0,0,0,0,0,0,0,4,35,0,0,2,1783.0,0,0,0.0,0,0,0,0,726,2621.0,0.0,1345016.4059046167,0,0,0,3148.5589986317423,0,1,3,0,0,0,0,1,0,0,0,1,0,0,0,0,0,0,0,0,0,0,0,0,2,1,0,0,0
1002,Biesdorf,Marzahn-Hellersdorf,6,4,4,1,1,127223.19845564266,0,0,69,35,3,2,0,9,4,2,1,0,0,0,0,0,57,54,2,6,2,2,0,20,406,0,0,9,1545.6666666666667,1,1,0.0,1,0,0,0,5828,19169.0,36.0,711530.0116052696,1,6,6,28267.09196712809,0,6,45,7,0,0,0,9,34,8,5,12,2,0,0,0,2,2,2,2,3,3,0,0,20,11,1,0,0
1005,Hellersdorf,Marzahn-Hellersdorf,10,5,7,6,3,117513.74692803163,0,0,59,38,8,1,0,16,3,0,3,0,1,1,3,0,15,12,6,4,1,1,1,35,190,3,1,7,390.42857142857144,5,2,0.0,1,0,0,0,6292,27330.0,149.0,1104885.877138613,1,13,8,104489.63447724558,2,29,48,2,0,0,0,26,0,21,4,25,3,2,2,0,22,7,21,12,7,5,1,1,32,10,0,4,0
1003,Kaulsdorf,Marzahn-Hellersdorf,3,0,4,0,0,89137.06598087797,0,0,61,25,4,0,0,9,2,1,1,0,2,2,0,0,12,10,1,4,1,8,3,11,0,0,0,53,1037.1509433962265,0,0,0.0,0,0,0,0,3837,14465.0,5.0,239829.01045414648,1,3,2,14413.828229688128,0,6,25,5,0,0,0,4,18,4,2,9,0,0,0,0,1,1,0,0,1,1,0,0,13,1,2,0,0
1004,Mahlsdorf,Marzahn-Hellersdorf,1,1,5,1,1,143591.24149421716,0,0,88,36,5,1,0,8,1,0,1,0,0,0,0,0,33,28,0,3,1,8,2,15,234,1,1,9,1704.7777777777778,0,0,0.0,1,0,0,0,8515,26664.0,18.0,371699.69528510177,0,6,6,7969.28451446916,0,2,29,4,0,0,0,9,27,8,0,10,0,0,0,0,17,2,0,0,1,1,0,0,18,6,3,1,0
1001,Marzahn,Marzahn-Hellersdorf,7,0,17,10,9,210128.03059030668,1,0,119,57,4,0,0,10,3,1,2,1,3,0,0,0,49,38,7,7,3,11,3,35,150,3,1,20,743.75,10,6,0.0,3,2,0,0,8703,43851.0,265.0,2542763.9031645614,2,15,10,136261.1331174801,5,81,216,9,3,0,0,33,0,20,8,37,4,3,1,0,45,8,1,1,7,7,0,0,57,24,4,1,0
0106,Gesundbrunnen,Mitte,37,15,45,3,1,61945.17434772888,5,0,67,38,14,4,0,24,2,1,1,0,1,0,15,3,41,37,6,3,3,19,11,61,331,1,1,75,722.8666666666667,1,1,1345.0,7,1,2,0,2698,14948.0,21.0,292928.21863946784,0,17,13,79719.17335133042,1,15,76,29,7,1,0,25,0,66,81,24,4,4,1,0,22,18,12,4,5,4,4,2,149,26,0,2,0
0103,Hansaviertel,Mitte,1,1,1,0,0,8208.835527995223,0,0,5,2,0,0,1,4,0,0,0,0,1,0,1,0,5,4,1,0,0,1,0,3,0,1,1,3,828.3333333333334,0,0,0.0,0,0,0,0,216,1264.0,0.0,15287.51800604068,0,1,1,2246.249182527178,0,10,11,2,0,0,0,2,0,1,2,1,1,1,0,0,2,2,1,1,3,3,1,0,11,3,1,0,0
0101,Mitte,Mitte,117,37,82,23,18,138825.28737393575,0,0,152,91,34,10,49,65,6,4,2,0,10,3,68,9,105,103,74,14,6,129,83,57,949,21,10,204,1614.4313725490197,8,6,0.0,65,36,36,6,4836,28522.0,44.0,656701.8881550481,1,26,20,81302.8143590116,3,164,58,31,11,5,2,28,0,92,84,52,36,13,9,0,81,49,119,32,26,22,22,12,950,290,4,6,1
0102,Moabit,Mitte,33,14,35,1,0,82317.83398471514,3,1,92,70,16,0,7,23,10,6,4,0,6,0,7,1,54,44,15,2,0,31,17,57,193,4,2,93,928.0652173913044,2,1,0.0,3,0,2,0,3373,17224.0,19.0,340095.88714155206,0,13,11,65738.47393250033,2,33,42,17,6,0,0,14,0,44,72,38,6,0,2,0,21,10,14,4,5,5,1,0,233,75,3,5,2
0104,Tiergarten,Mitte,13,4,10,2,2,56089.80204609147,0,0,46,26,2,1,39,4,1,0,0,0,2,0,13,2,15,15,16,2,2,32,19,9,0,4,2,14,1795.5714285714287,1,1,0.0,10,9,2,1,1186,6144.0,18.0,288566.7470223238,0,2,1,18696.502490470117,0,119,3,6,1,1,0,6,0,11,14,4,10,6,2,0,3,2,20,9,3,2,0,0,119,50,1,1,0
0105,Wedding,Mitte,37,7,39,8,4,112647.60328613542,0,0,75,38,20,3,0,56,4,1,3,0,7,3,5,1,30,28,8,25,4,13,5,76,260,3,2,76,687.7894736842105,1,1,0.0,1,0,1,0,3116,19185.0,11.0,301882.375381423,2,16,12,65710.81320440078,3,26,51,21,7,8,0,16,0,33,78,27,6,4,4,0,19,16,32,9,8,7,3,0,217,44,3,3,1
0802,Britz,Neukölln,6,3,20,1,1,73095.87468813719,0,0,82,59,8,1,0,12,0,0,0,0,1,0,1,0,23,15,6,0,0,4,2,21,374,1,0,82,933.1463414634146,1,0,0.0,2,1,1,0,3209,16983.0,10.0,1191702.7795513407,1,5,4,50974.298095811835,3,61,85,12,5,0,0,19,49,22,10,15,1,0,0,0,6,4,9,5,4,4,0,0,45,13,3,1,1
0803,Buckow,Neukölln,5,2,6,0,0,57403.11162875146,0,0,67,50,7,2,0,8,1,0,1,0,1,1,0,0,12,5,0,5,2,8,3,22,515,0,0,8,1149.5,0,0,0.0,1,0,0,0,3183,13391.0,4.0,130848.17300515441,0,8,6,26557.70963117773,0,3,34,4,1,0,0,10,21,2,4,17,1,0,0,0,0,0,0,0,0,0,0,0,32,10,2,1,0
0805,Gropiusstadt,Neukölln,3,0,4,5,4,20526.743483736136,0,0,31,22,2,1,0,5,0,0,0,0,1,0,0,0,6,5,0,0,0,0,0,14,136,2,1,5,511.6,2,2,922.9,0,0,0,0,1061,5379.0,8.0,183825.04313795906,0,4,4,35484.98356775532,2,1,18,4,2,0,0,10,9,13,3,10,1,1,1,0,4,4,9,2,4,4,0,0,12,4,0,0,0
0801,Neukölln,Neukölln,117,13,87,8,2,99903.01556938216,2,0,125,72,42,0,1,85,4,2,2,0,9,1,24,4,77,72,15,4,1,19,10,102,1649,3,1,167,791.4011976047905,3,3,0.0,8,1,6,3,6366,38081.0,30.0,390361.1300833154,1,32,20,120794.15632130354,3,22,55,45,7,0,0,33,0,91,162,68,17,2,9,0,9,9,36,9,9,9,3,0,521,68,6,7,0
0804,Rudow,Neukölln,0,0,8,1,1,109703.15603831642,0,0,107,48,9,1,0,7,2,1,1,0,2,2,0,0,10,7,0,1,0,7,2,16,188,1,1,3,1210.0,0,0,0.0,1,0,1,1,6381,19441.0,4.0,699446.0051989779,3,7,2,46061.58963044849,0,0,58,7,2,0,0,8,54,10,3,9,0,0,0,0,1,1,5,0,1,1,0,0,33,6,2,1,0
0303,Blankenburg,Pankow,1,1,1,0,0,71022.22685817539,0,0,38,9,0,0,0,3,1,0,1,0,1,1,0,0,1,0,0,0,0,0,0,2,0,0,0,9,1088.0,0,0,0.0,0,0,0,0,1717,7106.0,0.0,55519.374751798474,0,1,1,2375.42531757397,0,1,9,2,0,0,0,1,0,1,1,3,0,0,0,0,1,1,0,0,1,1,0,0,3,1,0,0,0
0308,Blankenfelde,Pankow,0,0,0,0,0,22154.329863558094,0,0,23,2,0,0,0,0,2,0,1,0,0,0,0,0,0,0,0,0,0,0,0,5,0,0,0,0,,0,0,0.0,0,0,0,0,730,2137.0,0.0,900864.015957192,0,0,0,2673.681180679465,0,2,8,1,0,0,0,3,0,0,0,0,0,0,0,0,0,0,0,0,0,0,0,0,4,0,0,0,0
0309,Buch,Pankow,4,3,4,0,0,41189.972085949805,0,0,42,9,3,0,0,5,3,0,2,0,0,0,0,0,4,3,2,4,2,2,0,12,48,1,1,2,348.0,0,0,0.0,0,0,0,0,1700,11818.0,17.0,165731.06836003924,1,4,4,23475.960326851175,1,7,23,2,2,3,1,8,12,8,1,6,0,0,0,0,1,1,0,0,1,1,1,0,9,5,1,0,0
0310,Französisch Buchholz,Pankow,3,0,2,1,1,54036.732007419676,0,0,38,12,0,0,0,1,3,0,2,0,0,0,0,0,6,1,0,0,0,3,3,14,85,0,0,123,798.5,0,0,0.0,0,0,0,0,4779,11392.0,0.0,130449.9943637453,1,3,1,24467.59760453464,0,1,12,3,1,0,0,3,0,5,2,10,0,0,0,0,19,3,0,0,0,0,0,0,6,2,2,0,0
0304,Heinersdorf,Pankow,3,1,3,0,0,36231.38651863974,0,0,15,5,0,0,0,2,1,0,1,0,0,0,0,0,9,1,1,0,0,1,1,2,105,0,0,2,1024.5,0,0,0.0,0,0,0,0,1258,5507.0,0.0,77230.28026789369,0,1,1,4270.701834540605,0,0,10,3,0,0,0,1,0,4,2,6,0,0,0,0,10,1,0,0,0,0,0,0,7,2,0,0,0
0305,Karow,Pankow,1,1,4,1,1,68239.47072428845,0,0,36,32,2,0,0,6,1,0,1,0,0,0,0,0,4,4,0,1,0,4,0,13,0,1,1,3,1146.3333333333333,0,0,0.0,0,0,0,0,4794,12251.0,13.0,108887.54145011783,1,3,0,32896.217074859676,0,1,33,3,1,0,0,5,8,2,0,6,0,0,0,0,1,1,2,0,1,1,0,0,7,3,2,0,0
0311,Niederschönhausen,Pankow,1,1,8,0,0,47897.13787571629,0,0,58,23,4,0,3,13,1,0,1,0,0,0,1,0,8,5,1,1,1,1,1,31,25,0,0,21,831.5238095238095,0,0,0.0,2,2,0,0,3419,12862.0,2.0,94237.41593040951,0,3,2,32722.180797626435,0,14,15,4,1,0,0,9,0,6,3,12,1,1,1,0,18,3,0,0,0,0,1,0,24,8,1,3,0
0307,Pankow,Pankow,8,2,17,5,3,68488.50415818051,1,0,64,28,15,2,3,34,4,1,2,0,1,0,4,0,27,23,5,7,4,1,0,45,25,1,0,56,876.75,2,1,0.0,2,0,0,0,3345,18068.0,3.0,177999.03190883255,0,9,5,57977.18154584807,1,25,75,6,4,1,0,22,0,25,25,20,3,1,0,0,23,7,11,4,4,4,0,0,65,15,5,1,0
0301,Prenzlauer Berg,Pankow,90,28,77,5,3,155439.42262957993,1,0,50,29,60,5,10,116,4,2,2,0,6,0,24,1,86,81,15,5,3,48,19,127,507,6,3,188,1198.0797872340424,5,5,0.0,5,3,6,2,5501,38142.0,19.0,953453.8203691728,8,27,24,117946.847324855,7,45,83,18,7,0,0,51,0,95,129,71,20,4,6,0,84,49,20,7,8,7,1,0,667,129,8,3,0
0312,Rosenthal,Pankow,1,0,0,0,0,17039.54404370032,0,0,24,2,0,0,1,0,0,0,0,0,0,0,0,0,1,0,0,0,0,0,0,4,0,0,0,3,2068.3333333333335,0,0,0.0,0,0,0,0,1619,4491.0,0.0,0.0,0,2,1,2382.2214538360254,0,1,6,2,1,0,0,1,0,3,0,6,0,0,0,0,6,0,0,0,0,0,0,0,8,3,0,1,0
0306,Stadtrandsiedlung Malchow,Pankow,0,0,0,0,0,33404.062272621966,0,0,7,0,0,0,0,0,0,0,0,0,0,0,0,0,1,0,1,0,0,0,0,0,0,0,0,0,,0,0,0.0,0,0,0,0,338,1656.0,0.0,149872.72443389756,0,0,0,5540.673761090349,0,0,1,0,0,0,0,0,0,0,0,0,0,0,0,0,0,0,0,0,0,0,0,0,1,0,0,0,0
0302,Weißensee,Pankow,5,0,15,3,3,79443.65632538525,0,0,66,11,10,1,0,22,3,1,2,0,2,0,4,2,17,14,5,6,4,11,4,29,50,1,0,48,1382.6875,1,0,0.0,1,0,2,0,4014,17594.0,0.0,359945.9787421456,2,10,5,63615.26222244354,1,25,44,14,1,0,0,20,150,26,28,19,5,2,3,0,31,2,0,0,0,0,1,0,72,21,3,2,0
0313,Wilhelmsruh,Pankow,0,0,1,1,1,16382.264447252766,0,0,18,3,3,0,0,2,1,0,1,0,1,0,0,0,1,1,0,0,0,0,0,7,0,1,0,4,1462.5,0,0,1291.4,0,0,0,0,890,3188.0,0.0,2602.7639852036177,0,1,1,3237.6132139647993,0,1,1,1,1,0,0,4,0,2,2,2,0,0,0,0,0,0,0,0,0,0,0,0,7,2,1,1,0
1211,Borsigwalde,Reinickendorf,1,0,2,0,0,16575.655428110706,0,0,17,2,1,0,0,1,0,0,0,0,0,0,0,0,3,2,2,2,1,1,0,4,0,0,0,0,,0,0,963.4,0,0,0,0,1005,3363.0,0.0,35314.10706873341,1,1,0,5399.378098149397,0,0,4,4,0,0,0,6,0,4,3,2,0,0,0,0,0,0,0,0,0,0,0,0,6,1,1,0,0
1205,Frohnau,Reinickendorf,4,3,3,4,3,74666.62239382877,0,0,39,15,6,1,0,19,1,0,1,0,1,0,1,1,9,9,0,0,0,2,0,11,107,2,1,1,1650.0,0,0,0.0,0,0,0,0,4418,13808.0,9.0,119107.88078703046,2,3,2,5262.615613945165,0,4,0,4,2,0,0,4,0,6,1,5,1,0,0,0,1,1,0,0,1,1,0,0,14,5,0,0,0
1204,Heiligensee,Reinickendorf,2,2,4,0,0,64232.148901548666,0,0,43,4,1,0,1,3,3,2,1,0,0,0,0,0,2,0,1,0,0,2,1,11,0,0,0,1,1695.0,0,0,0.0,0,0,0,0,4242,11465.0,0.0,199191.11059081883,0,2,1,6880.499795323249,1,1,7,4,2,0,0,7,0,2,1,8,0,0,0,0,1,1,0,0,2,2,0,0,17,4,0,1,0
1206,Hermsdorf,Reinickendorf,1,1,3,0,0,59160.98039957348,0,0,38,22,3,0,0,2,1,0,1,0,2,0,1,0,9,5,0,1,0,1,1,17,100,0,0,3,1306.6666666666667,0,0,0.0,1,1,0,0,4029,10428.0,6.0,12509.02393622949,0,4,4,11172.111418781244,0,0,5,5,2,0,0,9,0,7,0,6,0,0,0,0,0,0,0,0,1,0,0,0,22,5,1,0,0
1203,Konradshöhe,Reinickendorf,0,0,1,0,0,18458.395469288484,0,0,14,4,1,0,0,0,2,0,2,0,0,0,0,0,2,1,0,0,0,1,0,4,0,0,0,1,995.0,0,0,0.0,0,0,0,0,1609,4442.0,0.0,17109.204775500646,0,1,0,908.1880529332424,1,0,1,2,0,0,0,0,0,2,1,2,0,0,0,0,0,0,0,0,0,0,0,0,5,0,0,0,0
1208,Lübars,Reinickendorf,0,0,0,0,0,16854.547315863554,0,0,13,2,0,0,0,0,1,0,1,0,2,1,0,0,0,0,0,0,0,1,0,2,136,0,0,0,,0,0,0.0,0,0,0,0,1193,3780.0,0.0,12318.436682949441,0,0,0,10701.533705720936,2,0,2,2,0,0,0,1,0,1,1,0,0,0,0,0,0,0,0,0,0,0,0,0,4,1,0,0,0
1210,Märkisches Viertel,Reinickendorf,3,0,5,2,2,24990.630579863795,1,0,55,5,6,1,1,19,0,0,0,0,0,0,0,0,4,2,1,1,0,3,0,18,156,1,0,23,554.3478260869565,2,1,0.0,0,0,1,0,973,4409.0,5.0,24305.8676419986,0,3,1,59131.52621371106,1,2,4,6,1,0,0,9,0,13,2,7,0,0,0,0,0,0,0,0,0,0,0,0,15,3,1,0,0
1201,Reinickendorf,Reinickendorf,9,2,29,0,0,103345.83504541677,0,0,139,46,21,0,0,35,2,0,2,0,0,0,1,0,43,34,1,4,0,14,2,48,105,2,1,36,793.6111111111111,1,1,0.0,2,0,0,0,4565,22695.0,28.0,383573.0525899312,6,15,5,84468.62331033063,1,13,87,15,4,0,0,14,0,34,34,30,0,0,0,0,9,6,25,7,11,8,0,0,87,18,4,2,0
1202,Tegel,Reinickendorf,6,1,21,0,0,172384.4033004704,0,0,85,29,6,0,0,12,3,1,2,0,1,1,0,0,17,11,1,4,3,3,1,19,0,2,1,39,777.2564102564103,1,1,0.0,2,0,1,0,3049,14805.0,8.0,1713647.1355953868,2,7,5,39342.51580062754,8,7,59,17,3,0,0,13,0,14,13,14,3,1,1,0,4,2,13,6,4,2,1,0,64,9,3,3,1
1207,Waidmannslust,Reinickendorf,1,0,1,1,0,20274.599434182168,0,0,23,4,3,0,1,0,0,0,0,0,0,0,0,0,2,0,0,0,0,1,0,9,0,0,0,2,468.0,2,0,0.0,0,0,0,0,1494,4921.0,3.0,376556.6627979539,1,4,3,5529.458339141371,0,0,5,2,0,0,0,6,0,4,1,6,0,0,0,0,1,1,0,0,1,1,0,0,14,5,0,1,0
1209,Wittenau,Reinickendorf,1,0,6,0,0,87344.77661381225,0,0,74,20,6,1,0,3,1,1,0,0,1,0,0,0,5,3,5,0,0,0,0,14,0,0,0,4,878.25,0,0,0.0,1,0,0,0,2788,10314.0,10.0,396901.2461647976,2,3,3,11628.218490344214,1,1,4,7,1,0,0,9,0,4,1,10,1,1,0,0,3,3,12,2,3,3,0,0,24,6,2,0,0
0508,Falkenhagener Feld,Spandau,1,0,4,2,1,43378.78014190057,1,0,66,25,0,0,0,1,1,0,0,0,0,0,0,0,2,0,0,2,1,0,0,15,130,1,1,9,690.4444444444445,0,0,0.0,0,0,0,0,2613,11613.0,3.0,155578.797590957,0,3,3,31403.206571286577,2,1,12,5,1,0,0,8,10,4,0,6,0,0,0,0,0,0,0,0,0,0,0,0,11,2,1,0,0
0505,Gatow,Spandau,0,0,1,0,0,6921.063122275487,0,0,20,2,0,0,0,1,1,0,1,0,0,0,0,0,0,0,0,1,0,1,0,4,0,0,0,1,3173.0,0,0,0.0,1,1,0,0,741,3020.0,0.0,39571.224642250076,0,0,0,12116.170046958565,1,0,1,2,0,0,0,1,0,5,0,1,0,0,0,0,0,0,0,0,0,0,0,0,12,6,0,0,0
0507,Hakenfelde,Spandau,2,2,6,0,0,54184.337231218306,0,0,57,28,1,0,0,2,2,0,2,0,0,0,0,0,8,7,1,1,1,4,2,14,250,1,0,30,1115.0666666666666,0,0,0.0,0,0,0,0,3220,13143.0,4.0,1106950.1535738036,2,5,2,29654.895597273364,4,7,20,7,4,0,0,9,13,12,3,8,0,0,0,0,0,0,0,0,0,0,0,0,22,12,0,1,0
0502,Haselhorst,Spandau,3,0,5,1,0,37625.23063289631,1,0,30,19,1,0,0,1,0,0,0,0,1,0,0,0,13,11,1,0,0,0,0,9,0,2,1,10,489.1,1,0,0.0,2,1,0,0,1315,6682.0,8.0,259294.8228504105,1,1,1,8637.010032836926,0,2,2,3,0,0,0,5,6,11,4,5,1,1,0,0,3,2,7,1,3,2,0,0,11,1,0,0,0
0506,Kladow,Spandau,1,1,2,0,0,33193.78713743271,0,0,52,7,2,0,0,10,1,0,1,0,0,0,0,0,5,4,1,1,1,1,1,9,50,1,1,6,2165.8333333333335,1,1,0.0,1,0,0,0,3433,10969.0,7.0,644942.4182789661,0,2,2,26678.199127611002,3,7,4,4,0,0,0,5,0,6,0,6,0,0,0,0,0,0,0,0,0,0,0,0,19,13,2,3,1
0503,Siemensstadt,Spandau,4,0,6,1,1,48033.78549309451,0,0,31,8,2,0,0,2,2,0,1,0,0,0,0,0,6,5,2,0,0,5,2,8,0,0,0,16,1489.6875,1,0,0.0,0,0,0,0,1370,6260.0,11.0,70439.61019695758,0,3,2,11713.582099991401,4,8,14,4,0,0,0,4,10,6,5,6,0,0,0,0,2,1,11,0,2,1,0,0,20,3,2,0,0
0501,Spandau,Spandau,9,4,25,8,7,61376.12421367511,0,0,78,35,3,0,0,13,3,3,0,0,2,0,2,0,54,45,6,3,2,13,6,20,304,1,1,38,1560.8157894736842,1,1,0.0,2,0,1,0,2951,16298.0,30.0,367666.81734347105,3,13,8,26719.803765869863,3,3,15,13,2,0,0,18,0,12,8,24,6,3,4,0,5,5,20,15,4,4,0,0,67,13,1,1,0
0504,Staaken,Spandau,0,0,7,3,3,80077.1333084784,0,0,78,26,4,0,0,3,2,0,1,0,0,0,1,0,2,2,1,0,0,3,0,17,0,1,0,11,1064.090909090909,1,1,0.0,0,0,0,0,4385,15391.0,4.0,733278.747482073,1,4,3,46906.04206613878,1,1,17,6,1,0,0,8,0,5,0,8,0,0,0,0,0,0,0,0,0,0,0,0,17,8,2,1,0
0509,Wilhelmstadt,Spandau,4,1,8,0,0,48124.6388248457,0,0,69,30,4,1,1,12,2,1,1,0,0,0,0,0,13,7,1,1,0,3,0,18,0,0,0,20,693.5263157894736,0,0,263.1,0,0,0,0,2749,12399.0,4.0,518762.5052880569,0,10,9,19997.401633453617,1,6,22,10,3,1,0,11,21,20,0,13,0,0,0,0,0,0,0,0,0,0,0,0,43,8,1,1,0
0605,Dahlem,Steglitz-Zehlendorf,3,1,9,0,0,78254.7495002443,1,0,53,20,3,0,14,10,0,0,0,0,0,0,2,0,17,15,3,6,2,4,1,16,247,12,5,10,4959.9,0,0,0.0,9,0,0,0,3701,13943.0,11.0,183294.47886236897,0,4,2,14455.462737687483,2,12,16,6,0,7,0,11,0,5,2,4,3,0,1,0,5,5,7,1,5,5,36,4,42,15,0,0,0
0603,Lankwitz,Steglitz-Zehlendorf,3,1,11,1,1,68299.9893355209,0,0,71,57,5,1,0,16,2,1,0,0,1,0,0,0,24,21,5,3,1,2,0,29,0,3,2,12,937.0,0,0,0.0,1,0,0,0,4376,15609.0,0.0,311948.2331550442,1,5,2,24635.547676067363,3,3,24,12,5,0,0,9,19,9,7,14,1,0,1,0,0,0,3,1,1,1,4,1,27,11,2,1,0
0602,Lichterfelde,Steglitz-Zehlendorf,8,4,23,5,4,160166.53244261403,0,0,179,80,10,1,4,31,2,1,1,0,5,2,3,0,53,44,6,7,3,12,3,51,260,1,0,45,1442.3555555555556,1,1,0.0,2,0,0,0,10534,36082.0,13.0,832577.9405720037,2,11,9,37016.85212186233,5,6,57,17,4,3,0,19,0,19,14,28,1,0,0,0,3,2,0,0,5,4,6,0,92,20,6,3,1
0606,Nikolassee,Steglitz-Zehlendorf,1,0,2,0,0,66767.73061387448,0,0,48,7,1,0,0,3,2,2,0,0,0,0,0,0,10,8,2,3,0,7,3,11,175,0,0,13,1247.4615384615386,0,0,0.0,2,0,0,0,2435,10710.0,14.0,418491.57053809986,0,2,2,8265.885861305975,8,6,10,3,0,0,0,9,0,10,0,6,1,0,0,0,0,0,0,0,1,1,1,0,16,2,1,0,0
0601,Steglitz,Steglitz-Zehlendorf,16,2,31,8,4,98405.89125754438,0,0,99,81,38,1,4,95,1,0,1,0,1,0,1,0,32,29,8,2,0,3,2,52,135,1,1,38,981.7631578947369,4,4,0.0,1,0,0,0,6003,22850.0,25.0,209295.11064187784,4,19,13,49595.664152585894,8,8,59,14,3,0,0,19,0,22,34,28,6,0,2,0,4,3,13,2,4,3,11,2,142,33,5,3,0
0607,Wannsee,Steglitz-Zehlendorf,0,0,1,3,3,48023.035523358994,0,0,57,16,1,0,1,3,2,0,2,0,1,0,1,0,2,1,0,2,1,3,0,4,0,1,0,6,4543.666666666667,0,0,1057.5,3,1,0,0,2141,9731.0,4.0,676544.9644119281,0,2,0,3185.6540548489224,3,12,4,7,0,1,0,3,0,18,0,4,0,0,0,0,1,1,3,0,1,1,0,0,29,8,1,2,0
0604,Zehlendorf,Steglitz-Zehlendorf,7,4,16,9,8,167156.6036205014,1,0,126,41,8,2,2,12,2,0,2,0,2,0,0,0,21,14,6,3,2,3,0,30,290,2,1,14,1191.9285714285713,2,1,0.0,2,0,0,0,7985,34126.0,7.0,953055.4499692344,1,15,9,56521.00480054182,4,13,23,13,8,0,0,22,0,20,14,18,3,0,3,0,4,4,5,1,6,6,2,0,61,17,8,3,1
0702,Friedenau,Tempelhof-Schöneberg,12,5,18,0,0,33264.9089003822,0,0,24,18,36,0,2,71,1,0,0,0,1,1,2,0,14,14,1,0,0,3,0,38,0,0,0,57,1452.140350877193,1,1,0.0,2,1,0,0,1711,7728.0,14.0,35140.43888431278,3,7,2,11621.396451973795,0,2,8,8,2,0,0,6,91,16,12,15,5,2,2,0,2,1,17,4,3,2,0,0,88,15,4,2,0
0706,Lichtenrade,Tempelhof-Schöneberg,0,0,11,4,3,79513.11609688113,1,1,89,40,9,1,0,26,2,1,1,0,1,0,0,0,9,6,2,1,0,2,0,27,530,2,1,10,1499.0,0,0,950.9,1,0,0,0,6757,24615.0,13.0,138437.0633618755,0,10,6,50386.44957216728,1,0,12,5,2,0,0,15,24,5,2,13,0,0,0,0,2,2,0,0,2,2,0,0,38,5,2,0,0
0704,Mariendorf,Tempelhof-Schöneberg,3,0,13,0,0,77286.0120397519,3,2,92,61,10,0,0,11,3,0,3,0,3,0,0,0,21,12,3,2,0,3,1,34,908,0,0,102,860.7058823529412,0,0,0.0,2,0,0,0,4287,18305.0,5.0,422100.5162358067,1,10,5,35827.341630693045,4,2,18,11,3,0,0,8,47,11,13,17,0,0,0,0,2,0,11,7,2,0,0,0,49,11,3,0,0
0705,Marienfelde,Tempelhof-Schöneberg,3,2,7,1,1,57805.83707654427,0,0,74,41,2,1,0,2,1,0,1,0,1,1,0,0,9,5,0,0,0,2,0,25,675,1,0,8,903.875,1,1,0.0,1,1,0,0,2404,11060.0,6.0,822410.6828249095,1,5,4,27244.80322596213,0,0,13,6,0,3,0,8,19,7,3,14,0,0,0,0,2,1,1,0,2,1,0,0,20,5,0,1,0
0701,Schöneberg,Tempelhof-Schöneberg,54,10,67,7,3,132540.51078680315,2,0,131,92,48,4,3,89,4,3,1,0,11,5,17,1,48,40,12,4,2,45,18,106,86,4,1,88,955.1379310344828,1,1,0.0,6,3,4,2,5686,29460.0,29.0,795324.2201834669,3,30,20,92314.60405428555,5,27,46,28,7,1,0,30,0,60,78,55,10,4,3,0,15,13,49,13,14,12,2,0,438,103,8,4,1
0703,Tempelhof,Tempelhof-Schöneberg,12,2,24,2,1,81977.38699039497,0,0,98,56,7,2,0,20,3,2,1,0,3,2,0,0,27,18,18,3,3,8,1,43,1440,1,1,31,1022.4516129032259,3,3,0.0,4,1,2,0,4131,20162.0,19.0,424044.0630519083,0,10,7,32674.115400119914,1,14,36,13,4,1,0,14,199,33,19,29,7,1,1,0,7,6,24,9,6,5,1,0,70,23,2,1,0
0907,Adlershof,Treptow-Köpenick,4,1,12,2,2,63792.45633656873,0,0,41,10,8,1,0,13,3,1,1,0,2,0,1,0,59,55,11,3,2,3,2,9,0,3,2,19,779.1111111111111,1,1,0.0,1,0,0,0,3705,11194.0,11.0,65207.82486041322,0,5,4,16542.7141164818,0,9,35,4,1,9,1,3,41,20,6,10,2,1,1,0,17,0,1,0,1,0,4,4,47,18,2,1,0
0906,Altglienicke,Treptow-Köpenick,3,2,4,0,0,60513.98012722508,0,0,63,15,3,2,0,6,1,0,1,0,0,0,0,0,3,3,1,0,0,2,1,15,241,1,0,10,674.0,0,0,0.0,0,0,0,0,4876,13957.0,0.0,244898.66055537178,0,3,2,51808.57008587987,0,5,30,7,0,0,0,6,18,8,1,9,1,0,0,0,1,1,0,0,2,2,1,0,15,7,1,0,0
0901,Alt-Treptow,Treptow-Köpenick,4,1,6,1,1,15970.951597683981,0,0,24,10,4,1,1,17,2,2,0,0,1,0,2,0,13,13,3,1,1,0,0,9,586,1,1,26,998.6153846153846,1,1,0.0,2,1,4,1,1032,4671.0,8.0,1049876.3076404342,0,4,2,18354.173658598593,0,28,4,3,0,0,0,3,0,13,9,7,3,1,1,0,1,1,0,0,1,1,0,0,31,9,1,0,0
0903,Baumschulenweg,Treptow-Köpenick,0,0,11,3,2,28956.508446912707,0,0,43,12,2,0,0,3,0,0,0,0,1,1,0,0,9,9,2,0,0,0,0,10,385,0,0,9,568.4444444444445,0,0,0.0,0,0,0,0,1476,7089.0,23.0,194063.29922069315,1,3,2,9371.617372371476,1,21,13,2,2,0,0,4,39,12,9,3,1,0,0,0,1,1,0,0,1,1,0,0,15,3,2,1,0
0908,Bohnsdorf,Treptow-Köpenick,2,1,3,0,0,49473.41062796791,0,0,38,12,1,1,0,6,2,0,1,0,0,0,1,0,4,4,0,1,1,6,2,9,0,0,0,11,1528.909090909091,1,1,0.0,0,0,0,0,2694,12952.0,35.0,174795.915124576,0,2,1,8272.614849765283,0,2,18,3,1,0,0,3,27,3,0,7,0,0,0,0,0,0,0,0,0,0,0,0,7,2,0,0,0
0911,Friedrichshagen,Treptow-Köpenick,2,0,6,4,1,43009.115706320576,0,0,19,2,4,0,0,4,1,0,1,0,2,1,0,0,14,12,1,1,0,4,1,11,229,1,1,12,1086.0833333333333,0,0,455.9,0,0,0,0,1921,7142.0,13.0,165184.342698238,1,3,3,11012.160241741132,2,16,11,5,1,1,0,10,35,8,0,7,5,3,4,0,32,2,0,0,2,1,0,0,41,7,0,1,0
0913,Grünau,Treptow-Köpenick,1,0,1,0,0,26239.7156767022,0,0,8,2,2,1,0,4,1,0,1,0,0,0,0,0,5,3,0,0,0,4,0,6,103,0,0,9,1281.5555555555557,0,0,0.0,1,0,0,0,987,3924.0,0.0,47275.96963832556,0,1,1,4925.320249424047,3,3,13,1,0,0,0,1,19,9,4,2,0,0,0,0,16,4,2,0,1,1,0,0,12,2,0,0,0
0904,Johannisthal,Treptow-Köpenick,1,0,4,0,0,44296.26214202912,0,0,40,6,1,0,0,8,2,1,1,0,2,0,0,0,18,18,1,4,1,1,0,14,170,0,0,9,1146.888888888889,0,0,0.0,1,1,0,0,2010,7380.0,9.0,169439.16292637322,0,2,2,19531.501900833882,0,18,43,3,1,0,0,5,33,5,3,6,1,0,1,0,19,0,0,0,0,0,1,0,15,4,0,0,0
0910,Köpenick,Treptow-Köpenick,9,3,16,6,3,145508.57364128524,0,0,109,61,8,2,0,35,2,1,1,0,2,0,0,0,31,25,9,8,1,9,4,36,1152,1,1,70,1414.5142857142857,4,4,0.0,5,2,0,0,6731,26229.0,124.0,536647.7600837647,1,12,8,61207.73133716014,5,63,81,11,3,0,0,23,0,28,15,21,5,1,0,0,60,3,2,1,3,3,0,0,70,18,2,0,0
0914,Müggelheim,Treptow-Köpenick,1,1,2,0,0,36648.32665182302,0,0,17,4,1,1,0,2,1,0,1,0,0,0,0,0,4,3,0,0,0,1,0,3,0,0,0,71,726.2535211267606,0,0,0.0,1,0,0,0,2672,7166.0,7.0,4684.167235855442,0,1,1,3981.3205476775056,3,0,12,2,1,0,0,2,23,5,0,3,0,0,0,0,0,0,0,0,0,0,0,0,7,3,0,0,0
0905,Niederschöneweide,Treptow-Köpenick,4,3,6,1,1,25631.265985357288,0,0,29,5,0,0,0,9,1,1,0,0,2,0,0,0,24,19,1,1,0,3,2,14,539,2,2,10,630.3,1,1,0.0,2,1,1,0,1106,5219.0,33.0,78523.85410336692,0,2,2,13334.074827509168,0,10,14,1,0,0,0,6,30,14,5,6,0,0,0,0,8,2,0,0,3,2,0,0,25,4,1,0,0
0909,Oberschöneweide,Treptow-Köpenick,2,0,7,1,1,47957.87201331476,0,0,23,3,4,2,0,10,1,0,1,0,0,0,1,0,14,11,0,0,0,4,1,16,281,1,1,48,619.0,0,0,0.0,3,2,1,0,1422,8148.0,18.0,79222.61051467387,0,4,0,27691.30346643907,3,99,19,5,3,0,0,7,63,29,15,6,4,3,1,0,29,3,0,0,0,0,3,2,38,9,1,2,1
0902,Plänterwald,Treptow-Köpenick,0,0,1,0,0,19798.081142009687,0,0,20,7,0,0,2,2,1,1,0,0,0,0,0,0,8,7,1,0,0,0,0,6,0,0,0,7,725.4285714285714,0,0,0.0,0,0,0,0,972,5245.0,8.0,27909.688256289952,0,1,1,20550.397999393892,0,24,8,0,0,0,0,4,48,4,0,4,0,0,0,0,0,0,0,0,1,1,0,0,9,1,0,0,0
0912,Rahnsdorf,Treptow-Köpenick,2,1,2,0,0,62908.86490109284,0,0,37,1,0,0,0,2,2,0,1,0,0,0,0,0,1,0,0,1,1,4,1,7,0,0,0,3,2058.0,0,0,0.0,0,0,0,0,4267,11594.0,3.0,43982.734789440154,0,3,2,7724.996379946467,2,4,35,5,0,0,0,1,0,4,0,4,0,0,0,0,5,1,4,0,2,1,0,0,11,2,1,0,0
0915,Schmöckwitz,Treptow-Köpenick,1,0,1,0,0,33069.50283311358,0,0,22,2,0,0,0,0,2,0,2,0,0,0,0,0,3,1,0,0,0,6,2,3,0,0,0,4,1820.75,0,0,0.0,0,0,0,0,1161,4114.0,0.0,21059.25185083437,0,0,0,4072.3735324167646,2,0,4,1,0,0,0,1,0,4,0,1,0,0,0,0,9,0,0,0,0,0,0,0,11,1,0,0,0
